samples,d1,d2,d3,d4,d5
1.0,-1.6278317250476948,-0.41321149197891427,-1.1585760174660202,-0.24438802198448145,-0.21113472999119187
1.0,-1.5853966998439692,-0.612646022388486,-1.0441222736460034,-0.1526538035882843,-0.037528581749310605
2.0,-1.2603383583511296,-0.9468531560974731,-1.1626438582049325,-0.10982431304202084,-0.017756855418979197
1.0,-1.6200369028406703,-0.8792453065176195,-0.8921920738632041,-0.16833569018447844,-0.03704829925123284
5.0,2.0993710083768438,3.738714149422367,-0.11018092487683809,-0.3786594092172078,-0.004555454042823788
5.0,2.111925052105628,3.6642101010627615,0.0473831572048702,-0.5008450294056459,0.166963296770871
5.0,2.919744297325868,-2.0323547043611105,0.42320614007794377,0.1458235586373464,-0.00028420246698905127
2.0,-0.6355684232352223,-1.6994085763818674,-1.0406808864923411,-0.24402646690649082,0.042515684656904064
1.0,-1.5502579187839076,-0.4530268263304078,-1.1115981583865828,-0.0933003886598676,0.022981818245784817
5.0,2.658616381593141,3.59061601645393,1.2867357662699852,-0.6121231436216296,0.11632451793733886
5.0,2.9686781610294792,-2.007533622907554,0.4670899991540046,0.14496029405097477,-0.05172925495785678
2.0,-0.8486693507586488,1.4138864428225084,-1.6272963809985757,0.5012256365367608,0.13617766947455107
1.0,-1.7397966630294508,-0.32657871641374564,-1.0571314406806742,-0.22804191078540878,-0.14503240647570068
1.0,-1.8585032184581618,-0.20671452236061275,-1.056794924415326,0.02089894669901983,-0.15551427416389804
1.0,-1.4597212531905746,-0.4469310684200336,-1.2264770807364036,-0.1594509700861529,-0.09745250841820513
3.0,0.1134378492018628,2.544524675796309,-1.409707172099336,-0.39688286113684557,0.5511807705942027
1.0,-1.6075034590097534,-0.6065311651262364,-0.9649309127287804,-0.029764996355427963,0.09628880501391633
4.0,1.4989715018641534,3.4787118353620463,-0.8335280899493576,-0.270523095092024,0.3182467016650015
5.0,3.019345761714641,-1.988339286110462,0.5041940958153003,0.16044226609478504,-0.05218472538218772
3.0,0.528092943303011,2.8831118329876437,-1.2742911877700862,-0.4576875591358092,0.5378445686023546
1.0,-1.5901887073766214,-0.7571061430586364,-0.9427548007760994,-0.09226411896305746,0.01895596841966164
5.0,3.138515657652743,-1.9406100370948667,0.6092579945701705,0.18832036219584247,-0.1378726622923295
1.0,-1.6476880372341296,-0.6327798763888736,-1.024033067069783,-0.1365431013907834,-0.18300999870845377
1.0,-1.5173531755699097,-0.9680109336025631,-0.9946143881289292,-0.23879190003033396,-0.15656278598654938
4.0,1.3602009106514017,3.1876764098469597,-0.9818868784534196,0.892515175429516,-0.025069507101327285
5.0,2.9741289118616656,-2.0145199147930932,0.46084908092340815,0.1666101465687279,-0.023196219083225864
4.0,1.690579519608869,-2.3703458183487154,-0.27426428565829264,-0.15207547506645877,0.22866436352135663
1.0,-1.709251396501961,-0.7668602425001693,-0.9388699735380392,-0.15582117687109062,-0.19185563528146207
3.0,0.8596660961255183,-2.4170436459363738,-0.6357780438078076,-0.2858230577935409,0.20942125594836528
2.0,-1.2843025730087394,-0.86282405508318,-1.2146183622683075,-0.12286021414745323,-0.08397361800991562
1.0,-1.5073783937685106,-0.046941903677272946,-1.269401286317356,0.07507459597211585,0.1344976705981704
2.0,-0.5102390961631083,1.6510048522873424,-1.5598084786578628,0.9068906483472595,0.18614733462170863
3.0,0.26623052268407066,-2.123057665634275,-0.7400705512006642,-0.2129496497123347,0.36198913716011993
5.0,3.0782208996214906,-1.9674236298484427,0.5552504988714602,0.17967493366671508,-0.09751549372627305
1.0,-1.4913538791645737,-0.9158246696461684,-1.0122584185442585,-0.21204436706513188,-0.18974095129486757
5.0,3.09407667937227,-1.9596529661771551,0.5729366396488167,0.17745491119717152,-0.10919860513121216
5.0,2.5330875890344147,3.7566864919477063,0.7514965919755857,-0.5804920676521976,-0.19001935391596914
3.0,0.013660343200435186,-2.0825391785432212,-0.8141302791850614,-0.26470995276332626,0.21800015532089373
5.0,3.1468542043517256,-1.9316691333047575,0.6209137095370111,0.17959197243164782,-0.1562453624584174
5.0,2.7745606169920096,-2.0859289816247593,0.31175423111494044,0.10979132459262848,0.06262248002676288
3.0,0.5379563392613851,2.9071966682104726,-1.2650760928801905,-0.46992041464003115,0.5153579024997655
4.0,1.703578838082697,3.47084866746385,-0.711615710689128,0.6847318056047527,-0.21056348923701815
1.0,-1.9423719643431974,-0.6544980849687411,-0.7821277866687065,-0.23995393215519445,-0.294615209254614
4.0,1.8569945223554627,3.664219400502553,-0.5721457966985998,0.19096871755599998,-0.21498203599948557
1.0,-1.5020330987305983,-0.5328246682435822,-1.2039517801902766,-0.3273438293726043,-0.24355631208758965
5.0,3.064203437029604,-1.9681645497391702,0.5486381107391207,0.16082067103992473,-0.0966756004619713
5.0,2.1122896594235105,3.7835027846094555,-0.2486705016952757,0.16714601558652598,-0.3858847925351397
1.0,-1.500878781143037,-0.2297343322746837,-1.2597358992262815,-0.04734177097233605,-0.021590199232523543
1.0,-1.7254635456431018,-0.423625415115513,-0.9890844840698437,-0.1129801428182306,-0.01013962882075607
5.0,3.053522867849817,-1.9727448316383713,0.5389027981415465,0.1622380128727953,-0.09394922712470961
4.0,2.0365219849436347,3.7589009561115905,-0.34236862850672817,0.0905500971970845,-0.30892097429279497
2.0,-1.3257627232269744,-1.0038340819838916,-1.1769613749336068,-0.20918440625709117,-0.22282876268379823
1.0,-1.5604887904450742,-0.6587166027643923,-1.0252761289575207,-0.10623340086418562,0.009885767656500833
3.0,-0.10725364798534541,-2.1483714564027587,-0.8598074852329878,-0.34625293428690784,0.03743567480342397
5.0,3.1430951697591394,-1.941744227452362,0.6097305337444143,0.19974992881293627,-0.13654405698854
1.0,-1.5586546488829478,-0.4037737338684811,-1.1629144136908405,-0.10287276203775265,-0.04498885690180496
5.0,3.0697984163699044,-1.9669240604381781,0.5523491698233849,0.16763849607219675,-0.09929203818054991
2.0,-1.3850476378842183,-0.7837168223817581,-1.1478213898470009,-0.16974453277307705,-0.07608229278839142
2.0,-1.3924987409676766,0.3644575135808051,-1.5264928146503076,0.04461157966739879,-0.024532113711190982
2.0,-0.9991545168714729,1.4362773530060955,-1.7364462045166809,-0.4710832578979478,0.02583654092280857
4.0,0.9466682143282676,3.103777906753922,-1.1199757588157504,-0.28132082378778006,0.5664817308260197
5.0,2.678408039317858,3.4164526339527295,1.5827652124103684,-0.6194517497198057,0.36378523135225066
5.0,3.0319701443520892,-1.9798606257339189,0.523652087133153,0.15362287727833046,-0.08725894872967191
2.0,-1.0305232883246336,-1.5561467664588708,-1.0526895805559426,-0.31623652281085646,-0.20903593645177354
5.0,3.175054411054521,-1.9240652418156188,0.6428399891655966,0.19157217449925454,-0.17043928320948062
2.0,-1.1788612872406292,-1.091325676188815,-1.214927669339855,-0.2531738785995659,-0.18572350088384224
1.0,-1.461398558185956,-0.4410526955178029,-1.2185440310363291,-0.1727398486891135,-0.048648449347100185
1.0,-1.8161307254380945,-0.6161029900515684,-0.8486065904441712,-0.21778545453926507,-0.10111081674655303
5.0,2.99202132982726,-1.9830766691172639,0.4981494082459046,0.11736373194525702,-0.09793759719469915
1.0,-1.5420473166235964,-0.8413481512340726,-0.9721757075169171,-0.1795307354433025,-0.04362799522034789
2.0,-1.1730909846930204,-1.1206060749675515,-1.2322272933570966,-0.32649083626819775,-0.26021651034984994
5.0,2.492813484786782,-2.1750417422265294,0.13279649525780698,0.035907509695400505,0.14314286772199986
5.0,2.7241307188587314,-2.107137747846733,0.26909362516420166,0.099129712134959,0.10370205692046641
5.0,3.1103317155577765,-1.9495860767872157,0.5863104359063814,0.17188803245474987,-0.12823946840095807
5.0,2.5661527000722724,-2.1357703699780033,0.20166856236288655,0.031631724005670665,0.07445877636935035
2.0,-0.3210682213545811,1.7789071645629286,-1.509611832176204,1.041351204363618,0.26686421264084026
1.0,-1.532244317687202,-0.6436974041974437,-1.0574293183691175,-0.12050422044192419,-0.02324743231545016
5.0,3.0875876021733815,-1.9574818292848506,0.5652649348465292,0.16631715843643946,-0.11813125216612733
2.0,-0.4534362971786667,-1.8675045603917275,-0.9943137304606223,-0.2804695350643311,0.008387350041116083
5.0,3.1750223693002053,-1.9213586678565635,0.6461884878688888,0.18563736486950153,-0.17400303059832256
3.0,-0.17500700892076146,-2.017518617554567,-0.9193563777201985,-0.28462836125427254,0.1067537836214624
5.0,2.1098747823856274,3.8133725554294817,-0.23743886675756903,-0.14177728295910372,-0.25567745043785395
5.0,3.0578648630780627,-1.9690276237758166,0.5437176509588421,0.15837932307371272,-0.10657694884797309
2.0,-0.24624727344221076,-2.0647284085961357,-0.8498511955577541,-0.3286367981435622,0.0693816590190551
5.0,2.2649567633076497,3.7685096754534095,0.1807338021127589,-0.4777552709283897,-0.06949057755719347
3.0,-0.07939351391898831,-2.0089974013848853,-0.7978402036527521,-0.2459555714503724,0.24854261237552294
4.0,2.04571699530684,-2.303541850999339,-0.13678263361139498,-0.04679580451743555,0.268869442079311
3.0,0.034280200375740554,-2.1637032021020985,-0.8535743446801334,-0.30692530770658394,0.12345126061106984
5.0,3.01383214779411,-1.9810960939719675,0.5127126139230274,0.13858425099743293,-0.09444038554235464
2.0,-1.3019786675700347,-1.3012622378871583,-1.0028983356832826,-0.28170277040553504,-0.17528801190985502
1.0,-1.5747776841110364,-0.39387210430049324,-1.0667541724844272,-0.07588496208144146,0.1153600897274855
5.0,3.004983068164639,-1.9958498264067122,0.49589877681457184,0.15077290920249134,-0.05526773053939392
5.0,2.6687430201606093,3.552948669632568,1.3630252780400036,-0.6408240793063993,0.17576503271427255
5.0,2.7549534591778504,-2.0725475631760677,0.32624501253871,0.06243496459517176,0.01890625799829157
5.0,2.6735730605962433,3.5133054524843152,1.4310649365804053,-0.6382837958841243,0.2277214336733883
5.0,2.1944179621385955,3.842595675909715,-0.14062034176126703,0.003387481639743481,-0.3887725678352666
2.0,-0.5124313770942741,-1.8401740179603931,-1.001130166501879,-0.2851878145150303,-0.005936602957399593
4.0,1.4944331335642869,3.4619866937751604,-0.8119867271602651,-0.2793078947229505,0.3467092592646862
5.0,3.112607127912477,-1.9516396844126656,0.5885898736127455,0.1790694530846416,-0.12322475750728439
5.0,2.8027187434582004,-2.024169043470594,0.39351183533697637,0.03428311488212521,-0.1085292658197583
5.0,2.994018064223131,-1.9979480970446006,0.48896733715087287,0.15041843007909747,-0.0624076770708207
1.0,-1.431306399186234,0.010761270625450547,-1.4789557828986455,-0.31288235769910944,-0.24569319807645476
5.0,3.099841631990337,-1.9579818382215384,0.5708939167443655,0.18927350721549974,-0.11269656619762611
5.0,3.07725729631782,-1.9675018364573935,0.5567120200979575,0.17284910221343391,-0.09217844442907502
5.0,3.0655469698310176,-1.9713443683374152,0.5429016128424167,0.175541009101833,-0.09221410195822734
5.0,2.2725425308151737,-2.236242603139151,0.015456279181302445,-0.026796978870444604,0.17381064809597235
3.0,0.7562400514977363,-2.4025562857202725,-0.6340093817401355,-0.2991898404869259,0.19596895704475287
1.0,-1.7880435299501456,-0.5367337239465233,-0.8984127232947758,-0.0658736925054889,-0.0035539714563760367
1.0,-1.5573357472319092,-0.7648093704303806,-1.0332109657649844,-0.2398788021022113,-0.13999513419661222
1.0,-1.704277200450007,-0.5341307234290678,-0.9947462525624328,-0.03500761721022153,-0.036027457249311584
5.0,2.360794392303836,3.8033537130279105,0.3159025174199602,-0.40414655386133347,-0.17875223560382467
5.0,2.8366732158122754,-2.0587100902476405,0.3635621050060904,0.11264764228704675,0.02099375524416663
1.0,-1.7398029355394578,-0.785039892999381,-0.8568038036291266,-0.16103121657815037,-0.13221127985281356
5.0,3.070406178317003,-1.9636060757122467,0.55464339194895,0.16178300432710685,-0.11406744625623091
1.0,-1.6016400582763806,-0.5235241043583815,-1.0740443310231436,-0.12113329822882402,-0.03964275605964169
5.0,3.2034517866723857,-1.911510369981861,0.6693415361086911,0.19861880919952768,-0.18906880981693616
1.0,-1.6414074943108294,-0.5841067870351024,-0.9682243537623154,-0.07168032908603868,0.06667690995916394
5.0,2.589436140701336,-2.144867885642134,0.19750270243186022,0.05700936948317349,0.12391743309053832
1.0,-1.7656683770459216,-0.5578389944359118,-0.9105224093971378,-0.08697449275196402,-0.03351347543316148
1.0,-1.7510755808190077,-0.8709349749499145,-0.8392343435904993,-0.21673872873863284,-0.18825471067940894
5.0,2.626270731231531,-2.137334153015811,0.21588158647665828,0.07633961551013017,0.12162652378834347
5.0,3.1088451600362967,-1.949058267600903,0.587184049194952,0.17306311924929252,-0.12552081394966325
4.0,1.238403990286392,3.278355032332995,-0.9320755237635863,-0.30115668922813177,0.5107380251779201
5.0,2.917478572283257,-2.0347058184614415,0.41924310708177276,0.1554699967545252,-0.0016121547593280746
2.0,-1.296520705906332,-0.8959226798679187,-1.192252230075883,-0.20014880232781604,-0.12249771796666906
1.0,-1.8824160748636027,-0.6185798639448848,-0.836101734771957,-0.14460997996695457,-0.18185635860878005
4.0,1.7768659156197237,3.636510276615973,-0.6365299687435209,0.08055304241686606,-0.13150037667781395
1.0,-1.3962259267841717,-0.6160597971424486,-1.2906827378607075,-0.08247822795057537,-0.22178786453957594
5.0,3.1436916622354794,-1.9329677875190427,0.6196907533083996,0.17964873443248341,-0.15296041669970006
1.0,-1.4831962698375476,0.24914466584341136,-1.3936225992964992,-0.025399559672023005,0.08006562174110197
5.0,3.016516437140211,-1.9840088055460674,0.5121358850445721,0.147336960062546,-0.08489742806339742
2.0,-1.3418810166544024,-0.5351823271815093,-1.3137668172958292,-0.18789710338361684,-0.11490134380514336
3.0,-0.16806213713979581,-2.023888902114276,-0.8507285742707865,-0.279075648565786,0.1595287033427781
4.0,1.9728322664764546,3.6586465987919423,-0.40727726432187417,0.4788680986605504,-0.375708541078563
5.0,3.1434504430860004,-1.9369262547685684,0.614733708775058,0.18821734791448555,-0.14421028856277704
1.0,-1.860851337941923,-0.44189159062940475,-0.8945943744621361,-0.18139785201450406,-0.11456743144683454
5.0,2.918727914142942,-2.0179860747390284,0.4330265692399597,0.11478270042525653,-0.04510699313795087
4.0,1.1969342069461344,3.059671496057635,-1.0968850451005894,0.9569151596389972,0.05508903933180053
3.0,0.5916432875170924,2.660718054411602,-1.371542641400273,0.9612712079162258,0.22254033055906008
1.0,-1.563624226913888,-0.5640537568451306,-1.1317894705258082,-0.10419873457671372,-0.11544659287341898
1.0,-1.5664961935078536,-0.660637385752077,-1.0602532429688145,-0.15861944319680946,-0.10348399799185214
1.0,-1.7389713696556401,-0.5360543649865688,-0.857677888342976,-0.07084917920715011,0.1255092655416267
5.0,2.4486385075409394,-2.19752444046482,0.08883102235018163,0.04092358553798016,0.1863738968272172
1.0,-1.8259087665451164,-0.6143968625589841,-0.8159909222938744,-0.10480803007602194,-0.009557062160498337
1.0,-1.9117009588570277,-0.4553052573230093,-0.7577048466400991,-0.08104544576707295,0.07030872689469767
5.0,2.602723807385768,-2.1313075039327534,0.2066240152591792,0.05011151777467266,0.09031674503843667
5.0,2.44527342823627,3.7495925483414285,0.5774903993898908,-0.5564805760271462,-0.08683777392830234
4.0,1.9515569177245728,3.7491879977957074,-0.4484737352900782,-0.1387437048069481,-0.13122226565682957
5.0,2.653510303575348,3.578675954297074,1.2929107162567903,-0.613469034173457,0.13231383408986375
5.0,2.8207741403313493,-2.0805412090987416,0.33227556438977546,0.14361086992209302,0.07523091107777838
2.0,-0.29654589307416235,2.211314736529943,-1.5539976702083647,-0.4163318424432282,0.47469033748961614
1.0,-1.496826433496592,-0.09432026141754524,-1.383419506430685,-0.13778168222060133,-0.16009544372958576
1.0,-1.4647054295277708,-0.41551878070924264,-1.191551835424254,-0.0741794029090077,0.03014947689052206
4.0,1.8620319291718221,3.588606177908977,-0.5281883564706272,0.5321699132168276,-0.31240125659896895
4.0,1.6935221571755963,3.4471696305202886,-0.6912822231494359,0.732197467597095,-0.23210070955569356
4.0,1.6212724663223579,3.489156413655223,-0.752407956638197,0.3756982546592916,-0.12196598927001813
4.0,1.6205289975566468,-2.380981865884339,-0.3279211036745375,-0.15006286682675915,0.2633548624220635
5.0,2.3056523239002322,3.7283126774773683,0.32577995319824127,-0.5015815357938378,0.0013183817342732715
5.0,3.200090016649346,-1.9092822703712442,0.6690475419301372,0.1907697451523101,-0.19545101296950187
5.0,2.492367177668835,-2.169985965432858,0.1490861100262106,0.02009468420858796,0.13273915426730282
4.0,1.6287130143554513,3.3774314768078293,-0.7586026271734343,0.8360059002997097,-0.18457051850270903
5.0,2.674930538080042,3.5084924739789787,1.441003181430553,-0.6380058712250304,0.23666197580640916
5.0,2.6702950599742876,3.5092785072231103,1.4299123332463157,-0.6220944290065195,0.22556514128921606
5.0,2.5128752241813874,-2.174299496262699,0.14391062781892852,0.04731662877676722,0.15421956559450906
2.0,-1.2457983382161122,0.2654270005493604,-1.672528630153982,-0.026701758104860474,-0.25337432415332806
3.0,0.25301202407061374,-2.223169914660769,-0.8063706580118803,-0.28283803259404217,0.2010748183683689
1.0,-1.608841196033797,-0.735961675315106,-0.9812953352045222,-0.19184501673160084,-0.09608580223548828
5.0,3.0734760425282377,-1.9702140145195952,0.5523050753564296,0.18105592810594612,-0.08846013619022292
2.0,-1.108682298612951,-1.3759382658993085,-1.0410326003723418,-0.25033241527982886,-0.05358707750664316
5.0,2.6740633688379365,3.4806804755175684,1.4795910583378458,-0.6206074725226334,0.2673831325532808
5.0,2.4831811127895906,3.7811177431369503,0.6098578238483024,-0.5187759618032517,-0.17339888062121703
1.0,-1.7183286041732095,-0.6157504309488133,-0.9346026268546498,-0.11958921485524382,-0.09233936159030394
4.0,1.8355735802301547,3.636361058155266,-0.45209881067244384,-0.37148078848749666,0.19560238196881571
5.0,2.6760540545126785,3.4932630596469783,1.4655393246190047,-0.6317011215472043,0.2550450690793905
5.0,2.3982323492932025,3.8080947640986698,0.39742096932352994,-0.4902772335284875,-0.23593424490932305
2.0,-1.3787263688292397,-1.0867156978284993,-1.0381998886213666,-0.22584281265488274,-0.1275259364750545
5.0,2.544959816134447,-2.1547338520247,0.17559086036055443,0.04276873843939482,0.12465112793028482
4.0,1.2056581851305066,3.132857144164187,-1.1342711305355548,0.7946929658275191,0.06684830078601305
4.0,1.9600556458279006,3.6469468079544702,-0.4081716996400606,0.46835596678006786,-0.3609566318813364
5.0,2.88471316420836,-2.0451782530407936,0.3950050242746255,0.1344850031055475,0.01272519053826602
5.0,3.078930215805478,-1.9666553958263875,0.5541420784980645,0.17974619047557241,-0.09826677033879158
1.0,-1.542982898019601,-0.1633911022282598,-1.2782999449736516,-0.1813356209950127,-0.0945717121655824
1.0,-1.5126375535844827,0.2852069766589631,-1.4648675470974906,-0.20420723990758824,-0.13615197467421178
2.0,-0.876016292628982,-1.6985596233351594,-1.0099816864565276,-0.3507412615455634,-0.16454590531001734
1.0,-1.5783451738888157,-0.8096094717026858,-0.9315781890935111,-0.13704056077015814,0.015370576519997035
2.0,-0.9131855415748978,1.134184460066205,-1.696458963227283,0.46307458658135037,-0.07643764353980376
3.0,0.01192870805502247,-2.0861125217588223,-0.8428620657102454,-0.26877385362266204,0.18461112011768344
5.0,3.0981806463205412,-1.9560686506486065,0.5744480671470926,0.17481971267018823,-0.11453051539400874
5.0,2.4852593930354274,-2.177942012745018,0.12913365640496813,0.035389858451485345,0.14728290458498935
5.0,2.951151812457865,-2.0236102953259483,0.4436467262538845,0.15361354060025198,-0.008006988302348077
1.0,-1.4616543420168504,-0.39142423649019553,-1.2481760924523098,-0.05294228039051254,-0.04155198609111152
2.0,-0.6877864507109058,-1.688470295128553,-1.1489603210688335,-0.26930398622515833,-0.18606103761960313
5.0,2.5248334805713037,3.7818402532282067,0.6986973835770858,-0.5314865112150373,-0.1953042751929334
1.0,-1.577781944780408,-0.5386859745800019,-1.0067525088028517,-0.13180479749599094,0.0853969413154994
3.0,0.06383180632474823,-2.1898296597653197,-0.85054111216729,-0.31644818114979834,0.09223893756715137
5.0,2.666432117329038,3.538023224036807,1.379665847802013,-0.6198616885267697,0.1862607244038082
5.0,3.143898080783652,-1.9388507566793889,0.6135319589628134,0.1924786935029323,-0.14058961601214556
5.0,2.948066868218621,-2.0287189464572712,0.4381471922137202,0.16883446809488023,0.005269623953461019
5.0,2.329829356923984,3.787080470440701,0.277464731891158,-0.4406674168449875,-0.12684927080340805
2.0,-0.5066076173229083,1.6396937690592983,-1.5572006602182396,0.928284585940539,0.22047142392351643
3.0,0.8841839469112123,3.045590304971901,-1.1171839183861416,-0.3194110904933651,0.6394113661359373
4.0,1.9937553058378077,3.638058843676396,-0.3440154205982334,0.5301440836838708,-0.40714041678611657
4.0,0.9300286810974874,3.1201488794802437,-1.1037252156768522,-0.3858609831422834,0.5480924410374356
5.0,2.9168564466790228,-2.033451327008271,0.42211954462571305,0.12690072263139313,0.0044585564267565336
2.0,-0.6361901863961461,-1.9231808919397269,-1.136619101488523,-0.4417663007740924,-0.4018906645822793
5.0,2.7968334666224193,-2.076994076441903,0.3298628470492817,0.11044933679710582,0.039750580808534025
1.0,-1.4840642299980544,-0.3216096158062157,-1.2199112817158835,-0.07999140261379778,0.023606312432891075
5.0,2.499762815125754,-2.181666974591625,0.12077466577558879,0.05909972087005095,0.17632211808685963
3.0,-0.025531370722545976,-2.102138523300513,-0.8449564232432496,-0.2887463272202672,0.15770007579439313
2.0,-0.3014102678750327,-1.951108545950481,-0.9039455716853422,-0.2737942659039223,0.13091998708250224
1.0,-1.6282972301741392,-0.643664427912497,-0.9535898168562552,-0.11378414016655578,0.03713895866064946
2.0,-1.3129695891904942,-1.122763077870124,-1.0954962658692762,-0.20555792618848906,-0.172086279689589
4.0,1.9221958978645652,3.604564559174654,-0.4582813757374295,0.6108689508338211,-0.38128580581931604
4.0,1.5077826714121434,3.3437379076948472,-0.9048221993387432,0.7571719407189468,-0.09038369226810353
5.0,2.309028784833489,3.7522940541972027,0.29212097282386035,-0.4831100904175548,-0.043873905047174255
4.0,1.8230467666415617,3.57381385344668,-0.5840366766323183,0.5352513040067833,-0.27829421763889367
3.0,0.17810853663347703,2.2707852568120703,-1.4569133351952261,1.04059632150459,0.30288838321320405
5.0,3.1309950107115085,-1.9459809939084556,0.6001870896720246,0.19322247613051427,-0.12719957740253035
3.0,0.6561175046335347,2.9072593532848066,-1.219279201623527,-0.32920554485525244,0.6265445855471352
2.0,-0.9899220059061014,-1.3952142268250003,-1.1519425182674594,-0.28509321618339856,-0.14186095058590734
1.0,-1.7172802683476003,-0.6890424196734861,-0.8937703600793493,-0.13074724769651203,-0.03067151287722807
1.0,-1.5829538009229551,-0.5614881315062515,-1.1103308647862786,-0.22754947331993383,-0.15200843157906213
1.0,-1.688147665864618,-0.48503489026638247,-0.9865921814256117,-0.08424889732682772,0.01930904868291292
5.0,2.6778064191230913,3.4908456294217216,1.4727982731749123,-0.6287546007321702,0.258830507612893
2.0,-1.117125457510107,1.1918292565275086,-1.5573074338702264,0.33084692913284997,0.03478805880331821
4.0,2.0221316492905967,-2.3045296221180576,-0.13071962279573762,-0.08209977384302608,0.2231490425872814
5.0,2.824695057939303,-2.0642123629239535,0.350908528621464,0.1144070645237568,0.031632731315750874
5.0,2.7665131424599125,-2.084419632444625,0.3137302054443047,0.09392375981930383,0.05672508419520832
3.0,0.008699882058144297,-2.0859183249608373,-0.8170218381862903,-0.2711029071199538,0.19745283077917275
5.0,2.2450208290512346,3.753438656444646,0.15895431542571806,-0.44965415786673507,-0.029981486093841728
4.0,1.7581277220644274,3.4956015874894772,-0.6500978507393371,0.7058511671018923,-0.2585556980822269
5.0,2.863661105811125,-2.0488788940561546,0.38656349656345473,0.111910075461853,0.009813451266805308
5.0,2.8895124783851034,-2.035748930200439,0.40712031282774724,0.11682683715620924,-0.010848711133583685
5.0,3.0113348178924806,-2.000855866844481,0.4916806881266562,0.17880251334020356,-0.04071836324636622
3.0,-0.17915136353877337,1.9159658913199842,-1.470358721238479,1.11124806893036,0.2829804898221779
5.0,2.5946145698415446,-2.138807409096077,0.1947330545328054,0.0651972802102772,0.11935323529831056
5.0,3.077713932850393,-1.9646804151986905,0.5587377591185032,0.16684339735862558,-0.10359840631388169
5.0,2.396704034560658,3.780059167122048,0.4342289704906011,-0.5011569284189532,-0.11749913036039833
5.0,2.072591853195241,3.6732633437191784,-0.2512996861317273,0.5517341523950445,-0.4881509988427547
1.0,-1.7390148900269413,-0.6188428468799108,-0.9575282948740053,-0.18834280787287305,-0.15416544174330848
1.0,-1.5265354589704379,-0.6711590412062929,-1.1309346762783576,-0.17220316851336587,-0.18379081519153775
3.0,0.20147443905821563,-2.1648215504896995,-0.7893919734648163,-0.2614260119632944,0.24795169007014237
4.0,1.8758478870371127,3.5725089755977386,-0.5065624951312002,0.6264517772405467,-0.3402896123137506
5.0,2.5839921976441036,-2.1497048861436068,0.17908285717107122,0.06827616182217627,0.1400944445638757
5.0,2.8010290418845467,-2.076226482969522,0.3312006878583913,0.11961501270876256,0.057324428419521865
5.0,2.6175057370424932,-2.12837977578175,0.22001229062618044,0.05597770669834557,0.08705486820446914
5.0,2.891272118040016,-2.0197822044882705,0.4211886702581506,0.08888431717437965,-0.05550100007504197
2.0,-1.2651105520628814,-1.0059385397982552,-1.1556106287161898,-0.17697131447928838,-0.07654507484301647
5.0,3.045966833549854,-1.9718895174330846,0.5353775294991747,0.15240054288605712,-0.1021541176220652
5.0,2.880520938563093,-2.0404702791995444,0.39906987216890333,0.11384640501850894,-0.005802836125525702
4.0,1.9539780287367032,3.6527877735486887,-0.43619851339936727,0.4701939005219605,-0.36271497666010855
5.0,2.549098415924396,3.7616031897667774,0.7952928656713961,-0.5800401008146655,-0.10730018113745017
5.0,3.1170521188229943,-1.9551204410022924,0.5863363077745029,0.19908035932483711,-0.11195079510231432
1.0,-1.5559771883158946,-0.38969669893648046,-1.1503164263518528,-0.0669139653769814,0.015528886322568894
5.0,2.0963294301515134,3.72217313212653,-0.09196113514670701,-0.41261063280479254,0.05747580852619945
1.0,-1.460446511089106,-1.0357700143291162,-0.99225996575566,-0.26330998774709463,-0.19405926813028632
3.0,0.8222378429961631,-2.3757603252710044,-0.6272279055040784,-0.2532177155243285,0.28660168135250846
2.0,-0.599035213051563,1.5494883409490547,-1.5208840373213823,0.9402013216323535,0.1966697474567916
5.0,2.5247670352348592,3.7779044212096635,0.7292289150392803,-0.5115523043580821,-0.09866994085486218
1.0,-1.6154042699750686,-0.8275993770059694,-0.9618259019591074,-0.1849918896480312,-0.13263677663301823
1.0,-1.4057373851540644,0.5063447893689563,-1.5731037612439138,-0.2525957564943364,-0.13267423811910578
1.0,-1.7533924721072434,-0.5546510813296763,-0.8572531237304639,-0.08226654460984098,0.08878614059658516
5.0,3.1166008613197675,-1.951572512152723,0.5869933086456134,0.18718187083214882,-0.12122474063991096
3.0,0.3900032471927471,2.4455309160637277,-1.4203489299468752,1.0502134001046943,0.28315368262821783
3.0,0.37003061929819203,2.4007451241981395,-1.394287612506453,1.116119520361037,0.28561127982656825
4.0,1.8612469762764163,-2.3407178160271016,-0.21974851184082003,-0.11824494470095047,0.2438006184870235
1.0,-1.4365560909653214,-0.8123631063394348,-1.0971362777147604,-0.13774322843608997,-0.07133343033470392
2.0,-0.6037939392206484,1.9158781140956598,-1.6716693548304344,-0.41742196603779397,0.29900507077711325
5.0,2.451480009008209,3.7720519619292494,0.5634400452204323,-0.5287798641072727,-0.12000658411136149
5.0,2.9856666987826306,-1.9982033726009842,0.48903282767221273,0.14031635313059354,-0.053824103001888154
3.0,0.04560233627497715,-2.105503224721681,-0.8001065485072703,-0.27116011282672986,0.20732066293946308
5.0,2.6921122498575962,-2.1184063887669136,0.2531454996577887,0.09130477402276994,0.11229971359910168
5.0,2.6779295508917675,3.3922632292644797,1.6168620140628458,-0.6098178431191847,0.397119855017747
5.0,2.6326065373200933,-2.1188004872760664,0.2383924069743728,0.05064702905633459,0.07197269055285478
5.0,2.190869897498497,3.734488260886639,0.08221601008618888,-0.4691898899640069,0.02823599505765558
5.0,2.126000913543112,-2.2748024478702122,-0.07557999177080671,-0.055257948890757226,0.20073766968196163
4.0,1.3274728543635617,3.1936907349640205,-1.0344607477507122,0.8463989411078059,0.0032764629726007117
5.0,2.6782874206564613,3.432086962387005,1.5595488549941794,-0.6215964733887853,0.3401429512743974
2.0,-0.310652498488118,-1.9847905044242102,-0.8698005143518487,-0.29633225349873293,0.11146085141107617
5.0,2.373791392345459,3.726649426277047,0.4649855044364687,-0.5631559815205222,0.001085890656956516
5.0,2.4327642057118433,3.7838660257171606,0.5008133211042464,-0.4896397863999549,-0.1469837994203196
1.0,-1.5832965630777733,-0.7434090754376507,-1.0235915058490304,-0.1255855837545906,-0.08872605454758797
4.0,1.304580624386333,3.1365934615625606,-1.020330087758661,0.9483044396104642,-0.00014826094793035988
2.0,-0.4835924598219213,-1.9232765665133977,-0.8968532671294599,-0.3196342446018948,0.0494249801094186
3.0,-0.05838322552994122,-2.0630669366679633,-0.8595438170093178,-0.2728854972240602,0.1678045516569073
2.0,-1.167028585132137,0.9049386446229728,-1.7579145070889548,-0.3268561690940148,-0.14127962056841153
1.0,-1.6740363494426744,-0.5237243919690429,-0.9171802726639869,-0.06359057982111656,0.13296494049035634
3.0,0.32421055859513986,-2.2189610240449125,-0.7669471710704374,-0.2612676965420461,0.25262508491674934
4.0,1.9357173415142446,3.638963746846908,-0.4623596156841609,0.49469976076540156,-0.35229283527505934
5.0,2.6748345450822093,3.4624334780338577,1.5077871231642122,-0.6237983780943975,0.29402176990398143
5.0,2.4306347123166447,3.7870659716845965,0.49720708508849026,-0.5075042663195339,-0.14642947074328347
2.0,-0.5346649520400024,1.7155254102219797,-1.5940361124932534,0.7737793862232134,0.22328511862939113
4.0,1.8950414205861823,3.7236219416854532,-0.5525483379986601,0.010192577238520987,-0.18449204180694556
5.0,2.278827179400442,-2.2400849663915348,0.005958981761887637,-0.012685123849029629,0.19893607870209193
5.0,2.7684239840503677,-2.0814787103706816,0.31198413670767583,0.090716546468429,0.062268052704244216
5.0,2.9223873508565155,-2.0315814336041518,0.4259461861442478,0.13763157593312364,-0.0076521312615382645
2.0,-1.110286083353227,0.8565537289755618,-1.6319619636291562,0.31871493622021063,-0.041653303818740016
3.0,0.6243265612016187,2.881316272523799,-1.226050808681845,-0.3272117590683815,0.627026262789436
4.0,0.9431189594619185,3.1887732783052436,-1.218342447590935,0.02250608059327348,0.04555243990479008
1.0,-1.5209568025704672,-0.6751097317668535,-0.9976663714570053,-0.06063719220847064,0.11604775484458629
5.0,2.7360417835151205,-2.092656322634231,0.2898836110091222,0.08760123600263386,0.05956006259627781
2.0,-0.29533423495611927,1.869821853760807,-1.5151874195408574,1.0004931485897657,0.23982195403051643
4.0,1.9250368234687079,-2.318697413204576,-0.1531164574044062,-0.10535631409497707,0.19931498726001814
5.0,2.1566892127686246,-2.262606485703906,-0.05817316416048769,-0.041372901975893724,0.18354432492083572
5.0,2.9945511745980795,-1.9964135760325403,0.490766128431778,0.14745114950695523,-0.0585342333092933
5.0,3.0013023500927454,-2.0035458682717704,0.48246527176228626,0.18003123303574248,-0.03818410607577914
4.0,1.3947254303374688,-2.40916161779326,-0.43480302105983165,-0.2090688096026337,0.2130604195770001
5.0,3.039673887482703,-1.9872682067517995,0.5173390445676057,0.18019438095838858,-0.06388333838093452
5.0,3.0204232555082973,-1.9955903518664213,0.5027408596838934,0.17187734588687512,-0.04748373128229207
5.0,2.771198378550397,-2.0843599607425585,0.30701812969947345,0.11243140905942113,0.05266055251796567
1.0,-1.670226879452332,-0.720188724027222,-0.9366862830478897,-0.1005292730235059,-0.05345820866384093
3.0,0.5424954999563064,-2.4212344354252684,-0.7689549332032092,-0.38679095958382115,-0.09562854999422157
3.0,0.4859217731782564,2.899925543551494,-1.3387818765080852,-0.40094325528499464,0.4641418714001225
2.0,-1.3093099990081896,-0.0056132108473842335,-1.5893760556434315,-0.16996039247069666,-0.36269921207894235
4.0,1.9694995881876967,3.670149912430285,-0.4367002251355184,0.47074137418852363,-0.3810437721591496
5.0,3.031119456074645,-1.9818090530686812,0.5188183436249032,0.15277028436972348,-0.08129938288123077
4.0,1.7993956099377322,3.671767166443643,-0.6545534536191018,-0.09723935843337891,-0.024294968481640776
1.0,-1.5459809464011822,-0.775264868206112,-1.0058015021069358,-0.17781859334128927,-0.0789817703220027
1.0,-1.8410932633350399,-0.5560304304779506,-0.8671465913800805,-0.17335601948940582,-0.09930039555629983
1.0,-1.82769215113805,-0.635244776266083,-0.8003829680528376,-0.08487898832117877,0.007958667431803224
2.0,-1.120825907463399,-1.2250539899655668,-1.2099554777281598,-0.23505171349080478,-0.20526724926751622
5.0,2.5109530366417334,3.78435284414354,0.6740730137819866,-0.5338390426923184,-0.15535308751361931
1.0,-1.447322062854634,0.11503952442903369,-1.46527553007805,-0.08109470952240663,-0.1448019087110585
5.0,2.838163312620009,-2.057823376969067,0.3640448151037655,0.11723235781433076,0.018417147159770816
2.0,-1.2719562299342224,-1.1759650229583059,-1.0806418748561266,-0.21442865907034175,-0.1283206377327514
5.0,2.130805537822895,3.743612415130986,-0.19723946127202913,0.36637574567655606,-0.4692444580612585
4.0,1.6885472591632662,3.466612156297076,-0.7235192315893956,0.641238880490553,-0.188371446232555
3.0,0.031785933936157515,-2.0816923320404372,-0.7754748728103871,-0.2536688952513913,0.2679874114295796
5.0,3.1707384500967932,-1.9248831445569474,0.639484188879805,0.1920070949373646,-0.16672114898094237
4.0,1.1133259420461177,3.042897597083496,-1.1660621170316336,0.8844291337886309,0.09180725533058673
5.0,3.1015928568813123,-1.9602074489213595,0.5755154573081208,0.19135164497047658,-0.10058315033309839
2.0,-1.0496254153055513,-1.722499037887455,-0.8714039886979528,-0.4293511030689533,-0.2844398059513936
5.0,2.5414482760766055,3.755645001912226,0.7914065324898599,-0.5680573723924893,-0.08394542388106276
5.0,3.040869591137191,-1.9847344010683794,0.5182176459255776,0.17624262536764562,-0.07159857926032272
2.0,-1.020403790214176,1.1290574910465427,-1.5398831993446394,0.5658660969847519,0.19062160651929114
2.0,-0.5820263186991598,1.5746249128565235,-1.5244117981007856,0.9624165942816756,0.27577316747761715
1.0,-1.5215425589618465,-0.3041421323018434,-1.2173770989180484,-0.40823304339313987,-0.1607038437929012
1.0,-1.5245568296851915,-0.39227536559049825,-1.1847176113358064,-0.1253867435389111,-0.031269517830435335
1.0,-1.8545771436746215,-0.615045355638284,-0.7779803022926168,-0.12243208158790532,0.0160428497534653
4.0,2.0027505245362534,3.7016586803876206,-0.3824811039457845,0.3519737189882725,-0.36356932089541116
1.0,-1.6701480670520044,-0.8577025518380309,-0.8995450539377186,-0.18792659131070774,-0.1349966770821424
1.0,-1.452596292669978,-0.780762929395706,-1.1232464657925747,-0.16225760073145634,-0.11656920789986983
5.0,2.991551170337655,-2.004829459242376,0.4843872648539729,0.13881719572894105,-0.02078724886066659
5.0,2.9984375874612654,-2.001514399773153,0.48839628095016213,0.16383909987759654,-0.04157487945726377
5.0,3.169216092158653,-1.926948285443035,0.6377504984004027,0.1937841972977154,-0.16238536145759133
2.0,-0.44101443057963424,-1.9804341087976864,-0.9068500330257023,-0.34182552655792214,-0.018276695429653062
1.0,-1.395676991588792,-0.36758685821235515,-1.306357845854974,-0.21582946057571709,-0.07925989409703865
2.0,-0.4595332426531291,-1.8595373366875778,-0.9126622677281765,-0.26271306251712967,0.13121318963907494
2.0,-0.8724019001375474,1.3640603786331094,-1.6100235266082157,0.5727216254877874,0.13258964819378785
2.0,-1.3159702876091437,0.5096923747301272,-1.6222368272049308,0.05189273598408142,-0.07717791642185108
5.0,2.083201299792849,3.694123195707919,-0.060567396476276604,-0.45696318519247664,0.11316302930503838
5.0,2.9355381028606717,-2.023616171478592,0.43942762486308373,0.13032755950621308,-0.019410881556486383
5.0,2.9506285588182144,-2.0202282797989564,0.4429969665510915,0.16457665220261403,-0.021255177509058767
5.0,2.8616216789824,-2.0411426670405084,0.38024779585622803,0.12138521690659693,-0.015077709647010853
5.0,3.0626676634377104,-1.971235954304405,0.5428847711028112,0.16681745945959378,-0.09318683789109074
5.0,2.950707617209405,-2.023517541387478,0.4474350670484594,0.13340674132765393,0.004098666797634292
1.0,-1.4563665660422171,-0.9013612377543868,-1.1711311453137654,-0.30577803597984143,-0.47006860950316354
5.0,2.30723774806086,-2.244836106440477,-0.0009822250289866841,0.014649389121763688,0.24575838067797448
1.0,-1.585064373822338,-0.46958578092115444,-1.0652725919381196,-0.058406647160345174,0.05149205826005435
5.0,2.3209822786430756,3.781379883739275,0.26824458541946766,-0.4545964793861692,-0.10848416249743281
4.0,2.0360513763318053,3.7262536007611757,-0.36489214767363204,0.3642655881576629,-0.42191280350509497
5.0,2.224061993083918,3.743831194451082,0.13234920017508525,-0.45861292005966103,-0.0045158481209915035
5.0,3.0020970595386656,-1.9720487735862076,0.5168212392783047,0.10601607451596382,-0.12348824983957501
1.0,-1.7039296579342185,-0.2671502484808818,-1.1378488566351967,-0.18947457813158855,-0.1539580434425494
4.0,1.8148570395386845,3.520865856678211,-0.5760163342335499,0.7043903449958256,-0.30760345186249555
3.0,0.18454936383753448,-2.174412452283314,-0.8117178355045211,-0.2794900309287036,0.18491117290956338
5.0,2.0689912700593394,-2.297649009586602,-0.12017420993231681,-0.04869985800867218,0.25358600625758715
4.0,1.6883494095893368,3.443344760594126,-0.7180639644712139,0.7342930454256267,-0.20210241217643693
3.0,-0.16724467151246342,-2.0087691619848127,-0.8455637479504858,-0.26535855218527515,0.18107535056993787
5.0,2.269894395652507,3.7317756696242497,0.2458867828377407,-0.5034068952332595,0.01881300472269431
1.0,-1.3963711110427197,-0.4668821003106458,-1.3530058675653245,-0.288598855552723,-0.3173164623167531
2.0,-0.9488177389684441,-1.5021230768819485,-1.1476064933325707,-0.2925900065809331,-0.15887673996177498
4.0,2.002535211326101,3.7043477212761045,-0.38550676014985585,0.3440288299369034,-0.36506496712811504
5.0,3.017814556420761,-1.9823806370729435,0.5135494574442293,0.14210274801578374,-0.08816667423828481
5.0,2.741806105244148,-2.0907352004290836,0.298974389933463,0.08587411965905097,0.05638876030567508
5.0,3.034658461871214,-1.9867695974858608,0.5148166011051556,0.17325598974068163,-0.06463565830004914
1.0,-1.5018002812721924,-0.667264366805545,-1.1275682538595737,-0.2951075004511136,-0.15942888844628697
1.0,-1.437961617006353,-0.8400859129054331,-1.063479996861551,-0.1575211015765885,-0.03066911374932506
1.0,-1.7801572160165793,-0.8313651905837647,-0.7967225121670076,-0.2024487571683913,-0.14244065544399645
2.0,-1.1599056061360782,1.1489681555488676,-1.7232637559014958,-0.37671970432487906,-0.12588612508479163
1.0,-1.4849079556865625,-0.7252344087141542,-1.0855400409138274,-0.14163751201433616,-0.04477794461586291
5.0,2.6119366465336586,-2.1299480008803844,0.21988283679123447,0.05460722130985306,0.09634748726506723
1.0,-1.584715346990534,-0.6914462435372088,-0.981488309203081,-0.10527319508930796,0.03946661109447321
5.0,2.955395543487246,-2.0203383389592844,0.4471849446076823,0.15558083905328182,-0.012963597467444098
1.0,-1.4060473827955227,0.0704961350126796,-1.4823701326380865,0.011441804094081423,-0.1076772185802694
1.0,-1.6110658723969158,-0.3909887867431657,-1.0462006480882657,-0.019239710547363665,0.14236683466776048
5.0,2.85330582646386,-2.0494765142254185,0.3847072760929615,0.11330053774139756,0.009448755850511087
1.0,-1.5992970479328783,-0.07153121270333125,-1.3203598433439403,-0.4146897009581946,-0.30171280212051527
4.0,1.026832415157871,-2.4408166726405978,-0.5293909314932839,-0.3056587673423607,0.09162451352555151
2.0,-0.8142587722381226,-1.592865695560006,-1.0770474268074461,-0.28536443677224743,-0.04741017976355929
2.0,-0.44231807963571224,1.6824785298400042,-1.5055183877448002,1.0390091149928362,0.28519673049523725
1.0,-1.5992299146320919,-0.30084925644747207,-1.2457176837583894,-0.035634376592371994,-0.18823684725023437
5.0,2.5112809954541215,-2.164502329892447,0.14185950097956773,0.039386280134862034,0.1256851850835947
1.0,-1.4416299179979906,-0.0466915244021881,-1.3685442156820269,-0.31654391633594203,-0.06301452620316814
5.0,2.3854248002820593,3.8152972408149766,0.34883686291924676,-0.3989070549006228,-0.20922800098697036
4.0,1.746206979914192,-2.357662944432606,-0.24483245906936268,-0.13972507380195692,0.22104539734152093
5.0,3.1656453072717494,-1.923416281125812,0.6389735168348537,0.18222876165314764,-0.16972961142440554
3.0,0.846683496354262,2.8625919102031965,-1.318668306611397,0.8598879428890505,0.18598278280083466
1.0,-1.473520677566167,-1.062347081476203,-0.9712836037602723,-0.20915043446674497,-0.16308357737610518
5.0,2.704092520052609,-2.0967820396942995,0.2727297832107593,0.0692581001207131,0.04340932450410547
5.0,2.84178084938627,-2.0587494316280175,0.3691891874406426,0.10543405077822203,0.0266709285196191
5.0,2.0700891079431756,3.7148270475436944,-0.12568066415358012,-0.39381034190314945,0.04762850964530248
2.0,-0.9475843572352061,1.3543621653787803,-1.7693186713652689,-0.2230693376174328,0.0684690116643314
5.0,2.6777898681311236,3.477578072477297,1.4920881579870977,-0.6371827110761987,0.28095761382542545
5.0,3.0028715256374277,-1.9965194531771173,0.4915692602335209,0.15904059735498907,-0.05454904564770692
4.0,1.3154338798966592,3.15061527526308,-1.0141860543593153,0.9350411232941425,-0.004582079132622221
5.0,3.09269044368444,-1.9542953819357298,0.5728403001983327,0.1671967522299477,-0.13057919640271004
2.0,-0.5404381234836556,1.9826577257484843,-1.6376600388586806,-0.44238708368498425,0.3541862852240036
5.0,3.095755248379833,-1.9589981545394524,0.5682438143925239,0.18333763988341462,-0.10592179647676142
5.0,2.4103799455840966,3.8029203643014737,0.42844210983581565,-0.4484055299494207,-0.18218743845453486
5.0,2.247972263562471,-2.2326042252667424,0.012306696311411363,-0.03967647048683655,0.1394011306939721
3.0,0.5776498823944787,2.868422835683248,-1.2600239572216394,-0.3615152510560422,0.6037369333603534
5.0,2.8866367815820624,-2.038084743363984,0.4041701322027442,0.12163494639530131,-0.01104389640084668
5.0,2.545174519657586,3.777421576955652,0.768725223284487,-0.5301276796237088,-0.12480349103520126
3.0,-0.08956330873873941,1.974038771909639,-1.429325048570182,1.1793710315098536,0.33791334273796547
2.0,-0.5602970347505577,-1.840336096356594,-1.0447011231640189,-0.34856648298827836,-0.1302500539579972
1.0,-1.912029028697879,-0.601114065446198,-0.7703210256060385,-0.1739282139308775,-0.09508209901829928
1.0,-1.996493948131219,-0.5312628238348817,-0.7558672124637149,-0.18617615501017706,-0.21998333824397978
1.0,-1.7172917191580792,-0.7831732187023593,-0.9165808893944585,-0.18307994247296913,-0.202795603127463
2.0,-1.3865214234105712,-0.7128548439146875,-1.1771857501309917,-0.1655352430749382,-0.056511838958749595
2.0,-1.356538123158326,-0.879820022776139,-1.1343442234740664,-0.23055891609207604,-0.10053629532396612
2.0,-1.1871109379772058,-1.0977104613993343,-1.2108502305967537,-0.19417473828296763,-0.18261969694006117
2.0,-1.299631265096208,0.6098640384180591,-1.562762125515967,0.2868831702842204,-0.16849310133550602
5.0,2.249893539505298,-2.2533569977921672,-0.022483316895952062,-0.009862582886225229,0.2263780752978314
5.0,2.384962721935874,3.7635630744970143,0.43490830153576104,-0.5198244867414985,-0.07993299827051283
5.0,3.192051374918097,-1.9112864237773461,0.6640313011053219,0.1875756770800712,-0.18912580550803423
5.0,2.9863817069175522,-2.005169448864192,0.4780366085960415,0.15586901907707978,-0.042115783465210686
4.0,1.1198461976183003,3.22091482965909,-0.9695817927605013,-0.41609712547414107,0.5591166619497974
5.0,2.4599885119651796,3.7627626455066,0.5881857038471414,-0.543368265189933,-0.12851574658945764
5.0,3.0061229199752857,-1.9866506441230312,0.5051164550467373,0.13695319558545324,-0.08069675944990015
3.0,-0.13453708466132627,1.8819966760382172,-1.4219349956386855,1.241835470709713,0.39316762039654135
5.0,3.061961743393844,-1.9741779296957191,0.5418989919803812,0.18207766614960888,-0.07591911806273564
2.0,-0.7684281770673939,1.4141961805535408,-1.5217528912749956,0.8722001903467937,0.1516120155721441
5.0,2.414474227664926,3.8376909019430765,0.3788854135482296,-0.39418193750510727,-0.2567394883287875
5.0,3.145480611086039,-1.9331964896936085,0.6169643652941945,0.18725451065065418,-0.1566860521558452
4.0,0.9407054251996447,-2.4373883211016323,-0.5942052756093439,-0.3067768595648637,0.11366701362926351
5.0,3.0263480519512687,-1.9908670451589505,0.5058687201180576,0.1754248422884552,-0.05599479011651765
5.0,2.6427722658894828,3.6278211717898383,1.1984383013483457,-0.6278668155502183,0.07234634009504816
5.0,2.96736604100208,-2.0131019413641984,0.4635408814940999,0.14820857575071825,-0.029234832255740067
1.0,-1.7923628515337735,-0.627764301445099,-0.8759680485693987,-0.1645662744585305,-0.08615584569603911
2.0,-1.3726594822916731,0.44347602826642213,-1.551356668993711,0.0053683548639035785,-0.004493029828350158
3.0,0.784234580422746,-2.437831287279201,-0.6288826705767444,-0.34309637429558615,0.04458899586814004
5.0,3.073782214378613,-1.965712278099733,0.5572020875126474,0.16904424610634736,-0.09836833043791225
1.0,-1.6750092219060895,-0.813463830014374,-0.9223228549274068,-0.15603161067665666,-0.14426570313063813
1.0,-1.4948313259013901,-0.8333929717030795,-1.0832831050355123,-0.14189564466931662,-0.15790017009644167
4.0,1.7531352137304588,3.5751689588301625,-0.6179198258283898,0.25100614414545225,-0.15078715407443966
3.0,-0.14277683724747298,1.9065859148285687,-1.4471652981097576,1.151631277063648,0.2900298933029294
1.0,-1.6388928334768547,-1.0384231553021557,-0.92418407954677,-0.295386005140783,-0.3342321116248303
5.0,3.0816885633409634,-1.9567930275801042,0.5671000521488004,0.15644814494996592,-0.12485377333252984
1.0,-1.4365306394784976,-0.5247809033941498,-1.3207216383851437,-0.0838844410697202,-0.2535196159299333
5.0,2.792687554735946,-2.0762782625496823,0.3278382879979805,0.10112422636147994,0.04974022008154859
5.0,2.5740327568451766,3.707960609272709,0.9338946138777553,-0.6079205254846618,-0.024500572083612546
2.0,-0.41911138308433044,1.7945159903198244,-1.5228750759094853,0.9620186867657804,0.2705470375573302
2.0,-0.30501737149361796,-1.935690145528949,-0.9924957938088225,-0.27736856996930975,0.03547500785624685
2.0,-1.0203760844296108,-1.3510575639325686,-1.181087845482515,-0.2678583246389478,-0.19746398422681882
2.0,-0.26690366116502523,-1.938573171643616,-0.8886141180123087,-0.2540673447303999,0.17283931885292841
5.0,2.6552614096482423,3.6136491513173628,1.2457739090607312,-0.6409484101734778,0.0941187050390654
5.0,2.7335950732540275,-2.100295083834099,0.2863619021271351,0.09634118748269736,0.0834266506104936
2.0,-1.3605870143902323,-0.7046285432099514,-1.2480759229290375,-0.09952469768091958,-0.13875902882289937
5.0,2.674023018250666,3.4718565424687737,1.4922703827746606,-0.6196990231181638,0.2795501452609752
2.0,-0.6215132059742001,1.8509602547344146,-1.6448357936564164,-0.3974032240177126,0.32754820958421205
5.0,2.5319299919540206,-2.162425771623467,0.15105945521258465,0.05162643941697962,0.14256878823221494
5.0,2.8972156991023756,-2.042702229406853,0.4024224108858187,0.14344583104368533,0.01037955064212893
5.0,2.7696757162304535,-2.099293061550521,0.2952612522584803,0.13014640431904423,0.09501289435649767
5.0,2.9519544540217506,-2.029868659918954,0.437879882943311,0.17178973192489017,0.005089671191783626
1.0,-1.6688191064485107,-0.7830936142045993,-0.9087493761266549,-0.11088263971437395,-0.05718305813342397
5.0,3.0685136706455167,-1.9673212568986422,0.5496958322952219,0.1679729497379268,-0.10366259264014908
3.0,0.6029430546406224,-2.3723945769218306,-0.6943880433267619,-0.30784122299471034,0.1816136698092295
1.0,-1.5857450929348105,-0.23417515457684557,-1.2551659445241325,-0.025512416953157976,-0.13633098735890703
5.0,2.955351369635643,-2.011090320437364,0.45496294558914196,0.13250438630831743,-0.038680480854432736
4.0,1.9908039129941781,-2.222597423972051,-0.04260945349739559,-0.18522373503564485,-0.10845978019040775
3.0,0.6000934738810402,2.6384068193624435,-1.3794527249950386,0.9855183663005881,0.24404370886011478
4.0,1.3011146310854245,3.1797775644059003,-1.0413712603797323,0.8504898242966356,0.006497738338968445
1.0,-1.494744217547203,-0.12056034727874233,-1.3256938252475445,0.013587369025052991,-0.03217387587849379
1.0,-1.5580211475351025,-0.13199833938795608,-1.2289919292832332,-0.03952155030074679,0.04300512535498853
2.0,-0.5471545184496225,-1.7999845918359723,-1.0971193124433534,-0.29116306521226426,-0.08052866641759589
4.0,1.5629301555188713,3.3410869642526175,-0.8242220516056078,0.8271184908302124,-0.14018782290438775
1.0,-1.9258128424473837,-0.565300554038875,-0.694448386541878,-0.1330094312388934,0.05823725965518303
2.0,-0.9171021082906122,1.3755425367485565,-1.65699734250852,0.31464403643697525,0.045619974001160433
2.0,-0.9252401251710485,1.260249065338512,-1.713248740060318,0.2731956122140388,0.013633494388124055
4.0,2.017433849768011,3.6982680766934366,-0.3506251186726282,0.363158695820024,-0.3770987013890103
2.0,-1.2867452080985875,0.42191034072916733,-1.6200434417133456,0.15263469229141421,-0.15566726048585425
4.0,2.004182764144789,3.6672588269488076,-0.17166891568474432,-0.43309044985486617,0.15387122556175156
4.0,1.9667940472147045,3.6372062043344053,-0.19102357962920105,-0.4624230135419098,0.22380911819335375
5.0,3.132422190012403,-1.9422427199536951,0.6064325246869974,0.1814616184730428,-0.13576155885895072
4.0,1.4324684899688829,3.4171572565802317,-0.762587607335805,-0.45393001951740414,0.4326988916157946
1.0,-1.5771217271324387,-0.39083275018668706,-1.202558472605754,-0.06367451105763872,-0.14741675458117737
5.0,2.599229219784527,3.6992266684346893,1.0016788472592306,-0.5937406540687953,-0.02168641180809794
5.0,2.587874690011577,-2.138162879250599,0.19439912621029165,0.047724552681825176,0.10868221743786358
5.0,2.6759135811999557,3.4848937461600142,1.4772922000816506,-0.6295312617609674,0.26573738623516163
5.0,2.6931993297957155,-2.120684439143634,0.24905034739688242,0.10330680155057675,0.11273603302647014
5.0,2.9454704484685443,-1.994154650166197,0.46975226780062707,0.09374329808142988,-0.09554750612104827
2.0,-1.389085661333674,-0.7267280217475367,-1.147220754619493,-0.12149828902027637,-0.0014834173210814662
2.0,-1.310953866307583,0.5747304150061979,-1.6198494827282133,-0.12299423155808205,-0.04401158674266451
5.0,2.556367356528973,3.719802816431749,0.8803813556151581,-0.5821665731460973,-0.033702906856076194
1.0,-1.6208258629545063,-0.5503738626872069,-0.964157258891149,-0.11009144727185159,0.10087303708142664
5.0,3.1065748175065098,-1.9546538360376124,0.5771743550932444,0.18884251139252556,-0.11779081289353095
4.0,1.6096581523669853,-2.380517951918687,-0.32681342322910245,-0.1671354224045104,0.2233910732441891
5.0,3.1408043579178044,-1.940625477522841,0.6094128319228818,0.18949527853887427,-0.14476328862956717
3.0,0.279824299221763,2.663452070884573,-1.3632321691731706,-0.35334747880572653,0.5835972202169089
3.0,-0.2222995164557819,1.9428724312041816,-1.5040742557073616,1.045264089908986,0.32856988359191586
5.0,3.029334148350482,-1.9865428236985179,0.5187189820331322,0.15084958799444886,-0.061533437628510664
5.0,2.8820936974372096,-2.047618846527197,0.39501848861017214,0.1311135988971475,0.017658075284130357
5.0,2.980688394255493,-1.9875945382085827,0.4888459654326554,0.11600829644138687,-0.09655998136359477
5.0,2.8599734859685557,-2.044259393610309,0.3866624949066201,0.10297673148698973,-0.01313190602668185
1.0,-1.5541154823900025,-0.23150736009401204,-1.2814583299555835,-0.06999702023282102,-0.1533887606227
2.0,-0.8976680373919979,1.6094575403386262,-1.7414880079264976,-0.49269782474947604,0.09672964710750662
5.0,2.8308874030776012,-2.064491113779214,0.35821634187780504,0.11824233421093658,0.037886015898718074
3.0,0.40327038793755665,-2.2734874287490574,-0.7440375429202166,-0.27899571779721705,0.24134881566326266
5.0,2.3868715806958747,3.7859867385889188,0.39959151640054713,-0.47376944435127316,-0.13329676919723304
5.0,3.037393533882981,-1.977239603673174,0.5283338529936198,0.15068777205439443,-0.08600688253210281
1.0,-1.7451595067016201,-0.8999652502446012,-0.8541368995609836,-0.2675584762030449,-0.27652426010881
5.0,2.8292594241717763,-2.065628446532758,0.35558688111506964,0.11870673578753743,0.0424758156462963
2.0,-1.0559731697021224,-1.2725820664729561,-1.2452049921376236,-0.27068533304481057,-0.25578356169778255
5.0,2.3941163111671875,3.788507570807548,0.41087891374765345,-0.45137152731621516,-0.1469157500989564
5.0,2.6110658363053747,3.7013727127418408,1.022331086100987,-0.6111544392056594,-0.022866580332180204
5.0,3.17447014210351,-1.927271949412726,0.6396676412521795,0.2010293654400609,-0.1616207354020602
1.0,-1.4953973951785513,-0.39526124949686453,-1.2508311720475005,-0.052144822674460536,-0.09391282968082716
5.0,2.283876204092566,-2.2467532244230486,-0.008896210075699358,0.003489193053783236,0.23045378034520073
2.0,-0.29069884975406957,-1.9598833670419904,-0.8704426600961187,-0.2804955276815713,0.13717619018780206
5.0,3.0519609225089965,-1.979161926177123,0.5346079757926682,0.17289285086493072,-0.07575637861185419
1.0,-1.5849274489118086,-0.183866360335926,-1.2541208724853856,-0.2937593635172119,-0.16249704983696428
5.0,3.128920758523545,-1.9380597216194069,0.607193380041857,0.17203104350154994,-0.15182431817116818
3.0,0.2419993238650233,2.336626110444728,-1.440732695490695,0.9946427675529593,0.20860714661290286
1.0,-1.5028739898809707,0.09784881792003115,-1.4158126174577739,-0.13339760785967883,-0.10066530528363132
1.0,-1.7025151922803108,-0.8513844016598564,-0.8569951636799121,-0.18506402823097462,-0.11362411421673149
2.0,-0.9189069812534919,-1.5854436861045522,-1.0295420586519197,-0.2792421858575945,-0.05596983517514375
5.0,2.42735360261786,3.781817504318323,0.4928382384530336,-0.5070461552568654,-0.1332562227141971
4.0,1.769817347931639,3.486497871918342,-0.6255667953570047,0.7456249447314635,-0.2778500641093712
2.0,-1.2014300080190528,0.8212754950445152,-1.5863754510454926,0.39673763098033227,-0.051994430651395036
1.0,-1.6115015862103559,-0.5465193807077057,-1.0341316519254315,-0.10171009986787152,-0.014165058670476545
5.0,2.4421549359342163,-2.161936141396793,0.13150519783526649,-0.009116956853498883,0.06218401864719163
5.0,2.403962827771144,3.8265110893210683,0.36776642967519607,-0.39908052895022694,-0.23065964426327484
4.0,1.6924921058603943,3.497994420246374,-0.7304231755502372,0.584252430433502,-0.2062032206030636
3.0,0.5019629783698114,-2.294650563249659,-0.707675108534511,-0.26868376590671045,0.2676407194621779
2.0,-0.45911529637963017,-1.9862534311817452,-0.825435586496729,-0.35643425973981174,0.008051297390306508
5.0,2.4639765709342694,-2.1876855225690637,0.10808741612609778,0.03503777803679703,0.164194044476063
5.0,3.04422235672187,-1.9819886266464501,0.5263787441010432,0.17036865264136938,-0.06883859037925179
5.0,2.990233919321717,-1.988193863403718,0.4935894184179088,0.12482484201884177,-0.08157970952687571
2.0,-1.1317905826045038,0.9415695136797181,-1.5654637636867343,0.4661436261338584,0.05526318017192685
1.0,-1.4162153206477779,-0.7171232511282511,-1.1403183861715116,-0.1301251534252362,-0.03556339992450507
2.0,-0.8417457178782598,-1.6783079033646298,-1.1690041061349787,-0.3970813019746566,-0.33601203153282566
1.0,-1.4744824839573583,-0.27242574709022427,-1.310069980391381,-0.12374083406803381,-0.11791556803655957
2.0,-1.3607275634357934,-0.51309599886241,-1.3332165832619631,-0.12016833247174732,-0.1421385152486325
5.0,2.914683717307156,-2.0350373189610176,0.41996876568454344,0.13862113039577767,-0.00467884288521088
5.0,2.676917262438386,3.4277439995966956,1.5627880253059612,-0.6158948151046745,0.34336355109475125
2.0,-1.2438416949106499,-1.1077169535139288,-1.1290307348748874,-0.264335714476507,-0.1349353241182688
5.0,2.1257329637333244,3.7951402601310136,-0.23717680054044796,0.1620381262431812,-0.4004859321988491
5.0,2.8440367064442076,-2.041853972916063,0.388220149030563,0.0870190254675775,-0.015702411940673563
2.0,-1.2827394727799784,0.30872538848440817,-1.596652625242627,0.09544642768929608,-0.12766559167260327
5.0,2.8033850059397936,-2.077526203364135,0.3295328394491438,0.12075896249523974,0.0639189785565306
5.0,2.464189702616728,-2.1827498066103157,0.11404267044820393,0.020706581503549436,0.16342176225459343
1.0,-1.6266332912094623,-1.3696317253310188,-0.7710090856094292,-0.4152725701980231,-0.4480576938538654
3.0,0.06475162763970436,-2.154995815891249,-0.8593961250253968,-0.29321619797118853,0.13563316312615262
4.0,1.6042132907572912,-2.3800806161410075,-0.2965225600213638,-0.18100189493370594,0.19115007994854333
4.0,2.0041095672366627,3.7089301392514047,-0.39111888074320755,0.33391681734089934,-0.38438009964155684
5.0,2.337995444372297,3.7738895958701946,0.31703272580266056,-0.45603219908814435,-0.1079750313973921
3.0,0.5297826917790028,2.5683792537358996,-1.389928793671344,0.9982828308652159,0.23932439807046296
5.0,3.1427590633957267,-1.9303331272357325,0.6230619372033736,0.16718480328700577,-0.16091716490784558
5.0,2.7532880652240075,-2.0981045872689634,0.29402096809358413,0.11094601411745465,0.08232743829532334
5.0,2.4036696859915914,-2.2169008526385974,0.055512317617403655,0.03372751413419591,0.2186869895144835
5.0,3.067523369241675,-1.9732174464812549,0.545690861639007,0.17947765505286747,-0.08285711896678644
2.0,-0.4780733821137923,2.153204293976232,-1.6776952195712167,-0.5424074251702472,0.2794213938366538
5.0,2.994042100213374,-1.994514474467815,0.4944499585516667,0.13378440132724678,-0.06798779752929364
5.0,2.4676673795731263,3.7597328522657083,0.6177742327228216,-0.5742726252474942,-0.09335138176379477
2.0,-1.031105215875162,1.0336123164719808,-1.5707739922967745,0.5623363542706322,0.1463175651630475
3.0,0.28070400584918553,2.2980666856597076,-1.3961105757689507,1.1690938475177284,0.31652214389590805
1.0,-1.6181831948453085,-0.4501269676707606,-1.0354639350097106,-0.12531609540641342,0.0489305403516574
5.0,2.707929757340545,-2.100574836429788,0.28388191783232336,0.07391870721272784,0.07263090889861881
1.0,-1.8872726741793289,-0.24992130950309918,-0.9946438613667011,-0.15264280859719803,-0.1914147679901202
2.0,-1.354494890070272,0.30839913242425565,-1.5103935641604957,0.09296943151155215,0.05600190988324594
2.0,-0.6033157107938566,-1.9029741427118299,-0.9420290763473772,-0.3531242892837624,-0.13688717540501252
3.0,0.09531492377382161,-2.1323581991475584,-0.8242759892888764,-0.27205695853682293,0.1982527659269067
5.0,2.354460191342009,3.809328453960174,0.2953218675905479,-0.4175301117366017,-0.17868929190516408
1.0,-1.725582320231821,-0.47647683190840484,-1.0180798870945882,-0.11027751725154142,-0.10174491686999515
2.0,-0.8737468133596904,1.2945517496679837,-1.5801217731212496,0.6877628506467732,0.12809060735604574
5.0,2.7242511618623078,-2.111081348934825,0.2697736433039946,0.11606305999964006,0.09738834161831267
4.0,0.9802074736616789,-2.4120680322337282,-0.586428372811858,-0.2555132473573174,0.25299799840804826
1.0,-1.6858406053913728,-0.633636293469755,-0.8831879885733777,-0.07160448579431208,0.09350418505122074
1.0,-1.4237191180040498,-1.21531291658886,-0.9838806035506792,-0.30435001295095476,-0.254548259300833
1.0,-1.916846620414955,-0.693737605545911,-0.7096766184915954,-0.1553854078382698,-0.06458698390636995
5.0,2.3308721510353805,3.770994819710128,0.30871802654987024,-0.4828888953853359,-0.08278383964156039
1.0,-1.442881539409733,-0.1761921193983725,-1.364355008592399,-0.26515589753185165,-0.13664191840485573
2.0,-1.155018217150332,-0.8162378587477009,-1.479964043967077,-0.17425518103866777,-0.4002364826298652
5.0,2.679557243688333,3.4158395830545585,1.5859879188510835,-0.6216880624255,0.3687604033557206
3.0,-0.1773912487662828,-2.0743266547205836,-0.8337146766437588,-0.3165624052179335,0.09708356396784827
5.0,2.659208237933201,3.575125455893015,1.3100828526961206,-0.6352294069385611,0.14310216738627304
5.0,2.29362455314956,3.7968388721021014,0.18344682609222074,-0.3895803576560934,-0.14890622557624172
3.0,0.04131420391072959,2.030846668217397,-1.3962528067594244,1.273041610129887,0.3916584920946192
1.0,-1.7329560835284925,-0.28332796353204415,-1.0516761304163593,-0.055742657880670815,-0.010819920909199178
1.0,-1.4597648749484067,0.02738936210460633,-1.3714415195833634,-0.04690814852667266,0.011480316463050378
5.0,3.183472286563513,-1.9204620481338248,0.651108797421815,0.19498947365174402,-0.17303445368579304
4.0,1.951118969055908,3.6696694654892235,-0.4478831372537705,0.4098292761706402,-0.34618209188456717
5.0,2.5056651812172643,3.7723572153700813,0.6752075420382755,-0.5621001819578617,-0.147931935351178
5.0,2.292911032123835,3.806970373383909,0.16554853806341838,-0.34721139925690053,-0.18765403364547983
5.0,2.0740737531947167,3.7225480989647988,-0.13116678460401004,-0.40068645128128855,0.03722308584179244
1.0,-1.507972291603787,-0.6710039679533193,-1.0195332664163241,-0.08476783165705684,0.09953074418151882
1.0,-1.4609543975110764,-0.6561772736418883,-1.1357123037179406,-0.05591483894531523,-0.003782176293697084
4.0,1.8734604393663523,-2.3343989782866847,-0.1930029474874408,-0.11992399992929817,0.21956884500473625
5.0,2.1148787689583064,3.7746791839635176,-0.2392476111796419,0.2093301918289987,-0.4083321155951163
4.0,2.009410649750534,-2.3112540357072704,-0.1610937525825439,-0.050011133640800745,0.28309854245933763
5.0,2.9328937711439633,-2.0293570137050083,0.43651455523089566,0.12604254934899212,0.007571995919802298
1.0,-1.4870603801281423,-0.5961892640716312,-1.1450184037465334,-0.09410452614428846,-0.04523479316038463
5.0,3.0930904529885384,-1.9594506395247049,0.5704956168654401,0.17647028188925576,-0.10726970431868318
5.0,2.583192133829327,-2.1511534088039195,0.18672698990279893,0.0637099074979332,0.14336196548196684
4.0,1.7586652647990444,-2.3476013427406293,-0.2510802405664774,-0.13780719515297463,0.19732123591513998
4.0,1.0867968026708217,-2.3690387127000547,-0.4624429224082619,-0.3500077236876564,-0.32023438361025286
5.0,2.923586036665835,-2.0403437227433714,0.41373111712082794,0.16530383189396405,0.019467081764922907
4.0,1.7207313769971164,3.589151652452761,-0.5965565406940402,-0.3518515569043894,0.24454820559013024
5.0,2.063055779125672,3.7479986498502615,-0.3085347773567166,0.23228745515038196,-0.37079517617061347
5.0,3.061580517884552,-1.9658747425532759,0.5481815491872047,0.15461706601879724,-0.10681002348631351
5.0,3.0730555954352217,-1.9632627515952417,0.5587164200688097,0.16317616906984436,-0.10786003947679572
5.0,2.653041251274124,3.6192599848613263,1.2327612346277101,-0.650376039390848,0.08858897206319616
2.0,-0.6339643942445979,-1.7346714274393704,-1.0439434003394268,-0.2711000709302912,-0.011085601783624282
3.0,0.7473375448525901,2.7406660623326258,-1.3211044359399131,1.0079442095560809,0.216676262521878
1.0,-1.6815116391228766,-0.2269559549069346,-1.172796787927592,-0.08013873661617793,-0.11979737281977186
1.0,-1.5705384342334916,0.18508396860831952,-1.3949252156128042,-0.13920301589471137,-0.14436530062657904
2.0,-1.287744890942244,0.44743840277224906,-1.6438155420834624,-0.14525269288466608,-0.16921101875219965
1.0,-1.5034189236584705,-0.2792266548522785,-1.3296746836610025,-0.13141917551890558,-0.2115425849222521
3.0,0.17977062380478598,2.2678447897880427,-1.455250324032119,1.07239307873654,0.2978066486395962
5.0,2.3902068502699803,3.753920457570011,0.45730063319393954,-0.5329036651415282,-0.06222475913872495
4.0,1.833157871405382,3.527889686781613,-0.5512968184814847,0.7147014462411068,-0.3254805773431288
1.0,-1.7166807147513088,-0.3102660918879657,-1.0618759000468756,-0.09915593691099725,-0.026790571861747697
1.0,-1.4738927389757188,0.29264487518658727,-1.5063206441361023,-0.15424841604780984,-0.161216187036595
2.0,-0.6570207253533867,-1.7494193628547883,-0.9437344197518382,-0.2802163887223096,0.06925506079114639
5.0,2.4764329905899687,-2.1584168885501915,0.1565488304255821,-0.0017363603004996529,0.08410661904852117
3.0,0.30490113772339383,2.295522855644757,-1.3778284824868703,1.2080902052083806,0.31181391983231777
1.0,-1.4908477881505235,-0.21086103735951547,-1.2498357879305917,0.04207095687230537,0.06905806040616039
5.0,3.111586482823631,-1.955742866269934,0.5823218493306124,0.19637566829601424,-0.1165311206791405
3.0,-0.08935184106552188,1.990398902450912,-1.4186168805754968,1.1729358625722306,0.2956828483423979
5.0,2.2559292989333324,3.7327892069910225,0.21723185799618336,-0.49959358065462856,0.020049722848027293
5.0,2.868602917153788,-2.051082044036484,0.38464937778507013,0.13043242982404035,0.01953844000351645
1.0,-1.538231869950529,-0.3865850695387636,-1.2130011054962393,-0.1373634436075597,-0.11245183439836126
1.0,-1.5120519198228533,-0.7057634420582353,-1.0304327511457034,-0.13912603904669907,0.021498207302844123
5.0,2.1169728412029545,3.7705653273186917,-0.1300806521573692,-0.32784136893107285,-0.08676032697563102
5.0,2.941415527219765,-2.020804661641007,0.44289854725931443,0.14333668280273748,-0.028543041421021466
5.0,2.402689969391031,3.765371912623425,0.4674555210710346,-0.5129334258844735,-0.09455630283082656
1.0,-1.4798202746466393,-0.043367686242272205,-1.3838346988400827,-0.24431946581629807,-0.14548056595210845
5.0,3.0429946566856936,-1.9855908026626228,0.521458386748367,0.1778297702975129,-0.06951286321469793
4.0,1.8714946739417653,3.575569401714624,-0.5081139496067479,0.5964578552023356,-0.3323280660187718
1.0,-1.5380472395847655,-0.5767459766491398,-1.1074035547622056,-0.17430345142174108,-0.05816219864933071
5.0,2.990534686095992,-2.0060140760912466,0.4788879272098896,0.1618861328332182,-0.03771275119437669
5.0,2.43078238219763,3.8124321446685463,0.4505819172533324,-0.4404778414203338,-0.20600068694412427
5.0,2.925847206523284,-2.0291071332637007,0.42984749673481554,0.13756345402619746,-0.010102419999653242
4.0,1.4007847342103263,-2.409906822244442,-0.4092217670188593,-0.20337926892225752,0.23669800780830333
4.0,2.0293741101965534,-2.2512441734643263,-0.0741562605290994,-0.1312960676901984,0.02744809514102079
1.0,-1.407423580470475,-0.7985687016284508,-1.1566458783108953,-0.20994080938077855,-0.15410195007313873
5.0,3.06654979365587,-1.9787692116644693,0.5380926094999727,0.19337903700672374,-0.07799296789254039
2.0,-1.118456993605512,-1.1216512950186943,-1.25037526217194,-0.26172158415783814,-0.18286723675363095
1.0,-1.4615190359787167,-0.6946975589157421,-1.1754176969861052,-0.26487185922354495,-0.21242942646074922
4.0,1.3588364354881197,3.388271186506114,-0.8732337523511168,-0.38721090064878455,0.4498172715979673
5.0,2.6738763331655586,-2.1136422843731952,0.25190353372851776,0.0749295041347238,0.07811242555078893
1.0,-1.5023980868568871,-0.3769393146911628,-1.2121921986861464,-0.1487390145981204,-0.03635677778569728
4.0,1.9960890853301387,-2.281875045681524,-0.09969467989541735,-0.1186727576184617,0.10682693230086462
1.0,-1.523105672372692,-0.773265479669567,-0.9940063291701046,-0.12320622433196421,0.016469050709659063
4.0,1.294998937083273,-2.4199344106166922,-0.46776284529844336,-0.2281022489413431,0.21019935823158678
2.0,-0.3890379476405583,-1.9610688052529153,-0.8490992498690947,-0.31461786078409765,0.10331875416121893
1.0,-1.5063014246801807,-0.5584874033089402,-1.1510430820748774,-0.1869605754539276,-0.09445339849878985
5.0,2.9388257189594613,-2.0278398276670284,0.43651162263436255,0.1563558696472747,-0.007148667220653489
5.0,2.1458260749176317,-2.283591830188061,-0.09130374915703433,-0.020705982778698687,0.2736634265570044
2.0,-0.29056822365252016,-2.134892527803282,-0.9145523287929391,-0.40034345216409345,-0.11653716482877426
1.0,-1.4159866627069007,-0.6179104086114059,-1.190716137912814,-0.10767471523690253,-0.041476746821293174
5.0,2.0655653299881154,-2.2971842384408663,-0.1317003563297215,-0.06519206510574962,0.24192393015178237
5.0,3.078656899450236,-1.948312741686457,0.5732506450484908,0.13598456401754597,-0.14811508298256126
1.0,-1.517730687291278,-0.00344149989261557,-1.3247279794802516,-0.14637029808636243,-0.027440644240371924
4.0,1.264985795700324,3.2902770091404103,-0.9362416621081733,-0.27044118360138175,0.5122891953767906
5.0,2.9942627613201553,-1.9990991338361814,0.4839815818920736,0.15708915141139562,-0.062169303742646675
4.0,1.3440913519430773,3.4349529721328973,-1.0034965643088551,-0.18229623617461954,0.22607129103496712
1.0,-1.775350943176312,-0.5962158897438252,-0.8624107832240647,-0.10961003098240549,0.01874882602293725
5.0,2.515887798467539,3.773344662230239,0.6990798816635408,-0.5668134551585421,-0.139841174967108
4.0,1.5793873792969932,-2.383776704148977,-0.30694201519975356,-0.1880517347991982,0.18784506265323056
2.0,-0.9401381002489038,1.1418953079732312,-1.5700757548710649,0.6823452461811943,0.18690454365525452
5.0,3.002586207024699,-1.9949568212481827,0.4947775253924348,0.15470289392830303,-0.06452185477692231
1.0,-1.660694253171495,-0.7282780568664996,-0.8897951539748419,-0.10087770901693711,0.02490535619750963
2.0,-1.0096247701835595,1.0215845528040663,-1.5476762429493927,0.6493915003201636,0.17779260612327913
5.0,2.9309292690302966,-2.0259679342880683,0.43291602755279246,0.14315476056597062,-0.012349841315003322
5.0,2.0713252633104347,3.6921606935777493,-0.2660553118420593,0.4826925523554703,-0.455411785268336
2.0,-0.9639907418745822,1.1591597144029557,-1.5752982916788223,0.5598026707201119,0.18619807781158185
3.0,0.13773185868724117,-2.190326463661608,-0.8083525033946921,-0.3007074372542306,0.16909415464171396
4.0,1.9947328420099806,3.6789384717869806,-0.3883245274865783,0.4426688205354753,-0.39435849859403244
1.0,-1.5674057038272473,-0.417938902143396,-1.0916261174482549,-0.08206635202210526,0.07264827544337153
5.0,2.7733217104905816,-2.0878059339493857,0.3158607193262973,0.1094530205332796,0.06897537111648581
5.0,2.634088373823274,-2.124795025246223,0.22964080080726534,0.06460922013342525,0.09485507175135098
3.0,0.23533798694965574,2.2701216767143575,-1.3949995313874919,1.1780025857899965,0.30796046089944656
5.0,2.9898855916240343,-2.0083024058127905,0.4742714979405777,0.1668751288798228,-0.031826639473046286
4.0,1.4371009204129743,-2.408590647346002,-0.37355196245493794,-0.2204563813678014,0.1902416502919423
4.0,1.7291990132410222,3.5975658180473524,-0.6675423833636378,0.1285001998197936,-0.11860510102779294
2.0,-0.41050977386730564,1.7151338960992837,-1.5386577720998682,0.9356919915413202,0.16733252419352096
5.0,2.708345676010895,-2.1114948548077956,0.26151560782644706,0.09857303999794363,0.09117492074436134
2.0,-1.1840819481125695,-0.7747995832168669,-1.3852655862608654,-0.12423925997547133,-0.20657002683259063
5.0,2.677043375558091,3.412174928294568,1.5859339516078486,-0.6113179691566707,0.36538514188117405
2.0,-0.9999639969985349,1.2075745918905025,-1.7719121289524422,-0.4555842904294306,-0.075543452789017
5.0,3.1909336333159954,-1.9196135812305428,0.6566308125492595,0.20022648470270624,-0.18021773296977975
2.0,-0.7928782375960496,1.4101569700754408,-1.5868926796367513,0.7493089164184195,0.18156154056682458
5.0,2.6684257057834344,3.5403478582997083,1.380533932558646,-0.6364441549476563,0.19082325184216647
4.0,1.844597009715828,-2.3383644857708754,-0.21009317129710614,-0.128359250561359,0.21168331144575406
5.0,2.4131319605378,-2.20333738806598,0.07358665278923349,0.02416925206949999,0.18232179577401952
5.0,3.082729989754183,-1.9656629098133926,0.5597729363470738,0.17893234571570452,-0.10137799410823847
4.0,2.043640563663852,3.7386645533863505,-0.33147511107040345,0.23420299918216597,-0.35793057671504475
3.0,0.1097254578236512,-2.148341501380602,-0.8163088822455614,-0.27599464075927715,0.19984987358935202
4.0,1.4346144896029256,-2.398546457611476,-0.40292886733334454,-0.19708877147329704,0.1947846814747551
3.0,0.4892204046213593,2.5155297662390206,-1.3859739834858302,1.0569510560122954,0.2712534764877205
4.0,1.8462905268534668,-2.3371887521495007,-0.1870220515764195,-0.1265220285447733,0.19648419506393439
5.0,2.484630060465927,3.7703104321147762,0.6361891750536282,-0.5603854290139801,-0.12569117082543055
5.0,3.0713070828414963,-1.9725071934559715,0.5462922579832447,0.18469847412993962,-0.08492331294096318
4.0,1.8501890886359835,3.58783183782932,-0.3239782472875377,-0.4712717627932613,0.3139781986525448
1.0,-1.5024781721108686,-0.3738303788569201,-1.2516917218739287,-0.13893544955812068,-0.11200476897761893
4.0,0.985357987969958,3.176545071633684,-1.0963662154551523,-0.41387269114210945,0.5227968821896433
3.0,-0.20098625557774577,-2.00148139624753,-0.8997115067458181,-0.2703668434884135,0.1460408469195261
1.0,-1.4564056864322465,-0.05723227249165422,-1.3530990049504028,-0.21801136357676804,-0.03850639070774715
5.0,2.088707875492099,3.78019537754319,-0.20739258680150274,-0.3058547698250589,-0.10466691069974257
5.0,2.590272033642437,-2.147595090899389,0.18996771542144467,0.06669909569541418,0.1369786522380869
4.0,1.6171657797368293,-2.366305418725983,-0.29312920194380815,-0.1877278773706535,0.13101216898148002
2.0,-0.7039904514906827,-1.8093814104736803,-0.9600182842477906,-0.3417590169993479,-0.10385265618955
4.0,1.859884276496678,-2.3394802922192195,-0.21034680190905727,-0.1021709000007068,0.24448615161827236
5.0,2.3048179162399696,3.8663022053783394,0.08850461853759861,-0.24369198099689535,-0.32395758762274496
2.0,-0.3216452296680993,2.376015315916825,-1.6659317865280525,-0.5461089340855128,0.23814912577020986
5.0,2.9261228339676286,-2.0295204984233024,0.42337459528684757,0.15529651908375974,-0.01088460395104528
2.0,-1.1326247627333919,0.7027802910135148,-1.616459588456698,0.3589284763345545,-0.05785570852297542
1.0,-1.6328299697852033,-0.5023834719703648,-1.019797438886747,-0.13911634177570872,-0.0028822544076799535
4.0,1.8282465154912866,-2.343406349367052,-0.22297542487967867,-0.09697998113710414,0.2640609235014212
2.0,-0.6465968226932107,-1.694745827897009,-0.9906414174676798,-0.24912601484669508,0.10517219078345028
2.0,-0.6438350205927643,1.4848995353244303,-1.5536211258730792,0.8912260500641809,0.12144361687462477
5.0,2.707203041426261,-2.0939880602626406,0.28859423500530496,0.06370864657065133,0.04825300437251426
2.0,-0.8507914191008292,1.5971726083760975,-1.7238301410546737,-0.39864535619766944,0.18030227036862667
2.0,-0.8082802049101939,-1.6699806115509221,-1.0244725449762868,-0.29033858803088,-0.0769535622040729
2.0,-0.5360523517866583,-1.8689315766062728,-1.036522215287861,-0.3312049968559043,-0.09772808441223864
5.0,2.9639027593439433,-2.0151284680882786,0.4539797188622622,0.1587716473747744,-0.029291127033907245
